ID,Customer_ID,Month,Name,Age,SSN,Occupation,Annual_Income,Monthly_Inhand_Salary,Num_Bank_Accounts,Num_Credit_Card,Interest_Rate,Num_of_Loan,Type_of_Loan,Delay_from_due_date,Num_of_Delayed_Payment,Changed_Credit_Limit,Num_Credit_Inquiries,Credit_Mix,Outstanding_Debt,Credit_Utilization_Ratio,Credit_History_Age,Payment_of_Min_Amount,Total_EMI_per_month,Amount_invested_monthly,Payment_Behaviour,Monthly_Balance,Credit_Score
0x160a,CUS_0xd40,September,Aaron Maashoh,23,821-00-0265,Scientist,19114.12,1824.8433333333328,3,4,3,4,"Auto Loan, Credit-Builder Loan, Personal Loan, and Home Equity Loan",3,7,11.27,2022.0,Good,809.98,35.03040185583525,22 Years and 9 Months,No,49.57494921489417,236.64268203272135,Low_spent_Small_value_payments,186.26670208571767,Poor
0x160b,CUS_0xd40,October,Aaron Maashoh,24,821-00-0265,Scientist,19114.12,1824.8433333333328,3,4,3,4,"Auto Loan, Credit-Builder Loan, Personal Loan, and Home Equity Loan",3,9,13.27,4.0,Good,809.98,33.053114497012245,22 Years and 10 Months,No,49.57494921489417,21.465380264657146,High_spent_Medium_value_payments,361.444003853782,Good
0x160c,CUS_0xd40,November,Aaron Maashoh,24,821-00-0265,Scientist,19114.12,1824.8433333333328,3,4,3,4,"Auto Loan, Credit-Builder Loan, Personal Loan, and Home Equity Loan",-1,4,12.27,4.0,Good,809.98,33.811894118574465,,No,49.57494921489417,148.23393788500925,Low_spent_Medium_value_payments,264.67544623343,Poor
0x160d,CUS_0xd40,December,Aaron Maashoh,24_,821-00-0265,Scientist,19114.12,,3,4,3,4,"Auto Loan, Credit-Builder Loan, Personal Loan, and Home Equity Loan",4,5,11.27,4.0,Good,809.98,32.430559017296765,23 Years and 0 Months,No,49.57494921489417,39.08251089460281,High_spent_Medium_value_payments,343.82687322383634,Good
0x1616,CUS_0x21b1,September,Rick Rothackerj,28,004-07-5839,_______,34847.84,3037.986666666666,2,4,6,1,Credit-Builder Loan,3,1,5.42,5.0,Good,605.03,25.92682170377555,27 Years and 3 Months,No,18.816214573128885,39.684018417945296,High_spent_Large_value_payments,485.2984336755923,Good
0x1617,CUS_0x21b1,October,Rick Rothackerj,28,#F%$D@*&8,Teacher,34847.84,3037.986666666666,2,4,6,1,Credit-Builder Loan,3,3,5.42,5.0,Good,605.03,30.11660045002501,27 Years and 4 Months,No,18.816214573128885,251.62736875017606,Low_spent_Large_value_payments,303.3550833433617,Good
0x1618,CUS_0x21b1,November,Rick Rothackerj,28,004-07-5839,Teacher,34847.84,3037.986666666666,2,4,6,1,Credit-Builder Loan,3,,5.42,5.0,_,605.03,30.996423739085607,27 Years and 5 Months,No,18.816214573128885,72.68014533363515,High_spent_Large_value_payments,452.30230675990265,Good
0x1619,CUS_0x21b1,December,Rick Rothackerj,28,004-07-5839,Teacher,34847.84,3037.986666666666,2,4,6,1,Credit-Builder Loan,3,2_,7.42,5.0,_,605.03,33.875167221549795,27 Years and 6 Months,No,18.816214573128885,153.53448761392985,!@9#%8,421.44796447960783,Good
0x1622,CUS_0x2dbc,September,Langep,35,486-85-3974,Engineer,143162.64,,1,5,8,3,"Auto Loan, Auto Loan, and Not Specified",8,1942,7.1,3.0,Good,1303.01,35.22970733005963,18 Years and 5 Months,No,246.9923194537421,397.50365354404653,Low_spent_Medium_value_payments,854.2260270022115,Good
0x1623,CUS_0x2dbc,October,Langep,35,486-85-3974,Engineer,143162.64,12187.22,1,5,8,3,"Auto Loan, Auto Loan, and Not Specified",6,3,2.1,3.0,Good,1303.01,35.68583594909283,18 Years and 6 Months,No,246.9923194537421,453.6151305781054,Low_spent_Large_value_payments,788.1145499681528,Good
0x1624,CUS_0x2dbc,November,,35,486-85-3974,Engineer,143162.64,12187.22,1,5,8,1381,"Auto Loan, Auto Loan, and Not Specified",8,5,7.1,5.0,Good,1303.01_,31.81984543225805,18 Years and 7 Months,No,246.9923194537421,841.2322359154716,Low_spent_Medium_value_payments,410.4974446307865,Good
0x1625,CUS_0x2dbc,December,Langep,35,486-85-3974,Engineer,143162.64,12187.22,1,5,8,3,"Auto Loan, Auto Loan, and Not Specified",8,6,7.1,5.0,Good,1303.01,33.707168865856374,,No,246.9923194537421,506.30777972175247,High_spent_Medium_value_payments,715.4219008245058,Good
0x162e,CUS_0xb891,September,Jasond,55,072-31-6145,Entrepreneur,30689.89,2612.4908333333333,2,5,4,1,Not Specified,5,6,1.99,4.0,Good,632.46,39.37721939916439,17 Years and 11 Months,No,16.415451659824875,69.10700584725082,High_spent_Medium_value_payments,425.7266258262577,Good
0x162f,CUS_0xb891,October,Jasond,55,072-31-6145,Entrepreneur,30689.89,2612.4908333333333,2,5,4,-100,Not Specified,5,8,1.99,4.0,_,632.46,36.28047544534424,18 Years and 0 Months,No,16.415451659824875,29.393311428984493,High_spent_Large_value_payments,455.440320244524,Good
0x1630,CUS_0xb891,November,Jasond,55,072-31-6145,Entrepreneur,30689.89,2612.4908333333333,2,5,4,1,Not Specified,5,6,1.99,4.0,Good,632.46,36.82446782218685,18 Years and 1 Months,No,16.415451659824875,191.88624358002707,Low_spent_Medium_value_payments,332.9473880934814,Good
0x1631,CUS_0xb891,December,Jasond,55,072-31-6145,Entrepreneur,4148862.0,2612.4908333333333,2,5,4,1,Not Specified,6,6,1.99,7.0,Good,632.46,35.5792649548332,18 Years and 2 Months,No,16.415451659824875,233.93341714114612,Low_spent_Small_value_payments,300.90021453236227,Good
0x163a,CUS_0x1cdb,September,Deepaa,22,615-06-7821,Developer,35547.71,2853.3091666666664,7,5,5,0,,5,15,2.58,4.0,_,943.86,34.72984235509026,31 Years and 4 Months,Yes,0.0,59.36605764456292,High_spent_Medium_value_payments,475.96485902210367,Standard
0x163b,CUS_0x1cdb,October,Deepaa,22,#F%$D@*&8,Developer,35547.71,2853.3091666666664,7,5,5,0,,5,18,2.58,5.0,Standard,943.86,31.65235104376109,31 Years and 5 Months,Yes,0.0,113.45265630966415,High_spent_Medium_value_payments,421.8782603570025,Standard
0x163c,CUS_0x1cdb,November,Deepaa,22,615-06-7821,Developer,35547.71,2853.3091666666664,7,5,5,-100,,5,15,2.58,5.0,Standard,943.86,36.42483452800961,,Yes,0.0,46.56457517290926,High_spent_Medium_value_payments,488.7663414937574,Standard
0x163d,CUS_0x1cdb,December,Deepaa,22,615-06-7821,Developer,35547.71,2853.3091666666664,7,5,5,0,,5,18,2.58,5.0,Standard,943.86,29.56612273444377,31 Years and 7 Months,Yes,0.0,181.0072171318061,Low_spent_Small_value_payments,394.3236995348605,Standard
0x1646,CUS_0x95ee,September,Np,31,612-70-8987,Lawyer,73928.46,5988.705000000001,4,5,8,0,,8,7,14.14,4.0,Good,548.2,38.13542413744779,32 Years and 7 Months,No,0.0,56.12102437604161,High_spent_Large_value_payments,782.7494756239585,Standard
0x1647,CUS_0x95ee,October,Np,32,612-70-8987,Lawyer,73928.46,5988.705000000001,4,5,8,0,,9,,10.14,4.0,Good,548.2,38.22647526827564,32 Years and 8 Months,No,0.0,160.24431272401932,High_spent_Small_value_payments,698.6261872759807,Standard
0x1648,CUS_0x95ee,November,Np,1694,612-70-8987,Lawyer,73928.46,5988.705000000001,4,5,8,0,,8,,10.14,4.0,_,548.2,31.291849451929654,32 Years and 9 Months,No,0.0,105.7480630620516,High_spent_Large_value_payments,733.1224369379486,Standard
0x1649,CUS_0x95ee,December,Np,32,612-70-8987,Lawyer,73928.46,5988.705000000001,4,5,8,0,,8,7,10.14,1552.0,Good,548.2,29.150995190084487,32 Years and 10 Months,No,0.0,130.87396353628236,High_spent_Large_value_payments,707.9965364637178,Standard
0x1652,CUS_0x284a,September,Nadiaq,34,411-51-0676,Lawyer,131313.4,10469.207759388815,0,1,8,2,"Credit-Builder Loan, and Mortgage Loan",0,,9.34,4.0,Good,352.16,28.401057600525927,,No,911.2201793459374,324.22863933025934,High_spent_Medium_value_payments,912.4050886016524,Good
0x1653,CUS_0x284a,October,Nadiaq,34,411-51-0676,Lawyer,131313.4,10469.207759388815,0,1,8,2,"Credit-Builder Loan, and Mortgage Loan",0,2_,9.34,4.0,Good,352.16,31.025571099037258,31 Years and 4 Months,No,911.2201793459374,966.0743358890512,Low_spent_Large_value_payments,290.5593920428604,Good
0x1654,CUS_0x284a,November,Nadiaq,34,411-51-0676,Lawyer,131313.4,10469.207759388815,0,1,8,2,"Credit-Builder Loan, and Mortgage Loan",0,1,9.34,4.0,Good,352.16,26.06663998426569,31 Years and 5 Months,NM,911.2201793459374,1141.220312604539,Low_spent_Medium_value_payments,125.41341532737272,Good
0x1655,CUS_0x284a,December,Nadiaq,34,411-51-0676,Lawyer,131313.4,,0,1,8,2,"Credit-Builder Loan, and Mortgage Loan",0,0,10.34,4.0,Good,352.16,34.66559278821641,31 Years and 6 Months,NM,911.2201793459374,555.8479876829251,Low_spent_Medium_value_payments,710.7857402489867,Good
0x165e,CUS_0x5407,September,Annk,30,500-92-6408,Media_Manager,34081.38,2611.115,8,7,15,3,"Not Specified, Auto Loan, and Student Loan",30,14,17.13,9.0,_,1704.18,38.4774440285364,15 Years and 3 Months,Yes,70.47833267207261,315.3668006009882,Low_spent_Small_value_payments,165.26636672693917,Standard
0x165f,CUS_0x5407,October,Annk,30,500-92-6408,Media_Manager,34081.38,,8,7,15,3,"Not Specified, Auto Loan, and Student Loan",30,17,17.13,9.0,Standard,1704.18,38.36868220739614,15 Years and 4 Months,Yes,70.47833267207261,112.9063528724493,High_spent_Small_value_payments,337.72681445547806,Standard
0x1660,CUS_0x5407,November,,31,500-92-6408,Media_Manager,34081.38,2611.115,8,7,15,3,"Not Specified, Auto Loan, and Student Loan",29,15,17.13,9.0,Standard,1704.18,35.822516046259835,15 Years and 5 Months,NM,70.47833267207261,50.13096032879131,High_spent_Medium_value_payments,390.50220699913615,Standard
0x1661,CUS_0x5407,December,Annk,31,500-92-6408,Media_Manager,34081.38,2611.115,8,7,15,3,"Not Specified, Auto Loan, and Student Loan",30,14,17.13,9.0,Standard,1704.18,34.748953179588774,15 Years and 6 Months,NM,70.47833267207261,99.68631755126957,High_spent_Medium_value_payments,340.9468497766578,Standard
0x166a,CUS_0x4157,September,Charlie Zhur,24,070-19-1622,Doctor,114838.41,9843.8675,2,5,7,3,"Personal Loan, Debt Consolidation Loan, and Auto Loan",11,12,8.24,8.0,Good,1377.74,41.459017527247966,22 Years and 0 Months,NM,226.8927919215432,213.47648722111182,High_spent_Large_value_payments,784.0174708573453,Good
0x166b,CUS_0x4157,October,Charlie Zhur,24,070-19-1622,Doctor,114838.41,9843.8675,2,5,7,3,"Personal Loan, Debt Consolidation Loan, and Auto Loan",11,9,_,8.0,Good,1377.74,29.17639210554691,22 Years and 1 Months,No,226.8927919215432,916.9514859894786,Low_spent_Medium_value_payments,120.54247208897846,Good
0x166c,CUS_0x4157,November,Charlie Zhur,914,070-19-1622,Doctor,114838.41,,2,5,7,3,"Personal Loan, Debt Consolidation Loan, and Auto Loan",11,8,8.24,8.0,Good,1377.74,28.993921534588523,22 Years and 2 Months,No,226.8927919215432,427.38144910581866,Low_spent_Large_value_payments,600.1125089726384,Good
0x166d,CUS_0x4157,December,Charlie Zhur,24,070-19-1622,Doctor,114838.41,9843.8675,2,5,7,3,"Personal Loan, Debt Consolidation Loan, and Auto Loan",11,11,8.24,8.0,_,1377.74,34.997379089239644,22 Years and 3 Months,No,226.8927919215432,,High_spent_Small_value_payments,819.9903417481663,Good
0x1676,CUS_0xba08,September,Jamesj,45,366-68-1681,Journalist,31370.8,2825.233333333333,1,6,12,2,"Not Specified, and Payday Loan",3,0,-0.2400000000000002,5.0,Good,421.43,40.6331311728521,27 Years and 1 Months,No,46.61612907334207,161.58337666453718,!@9#%8,364.3238275954541,Good
0x1677,CUS_0xba08,October,Jamesj,45,366-68-1681,Journalist,31370.8,2825.233333333333,1,6,12,2,"Not Specified, and Payday Loan",2,3,5.76,5.0,Good,421.43,33.85409635172327,27 Years and 2 Months,No,46.61612907334207,109.4207625788528,High_spent_Medium_value_payments,376.4864416811384,Good
0x1678,CUS_0xba08,November,,45,366-68-1681,Journalist,31370.8,2825.233333333333,1,6,12,2,"Not Specified, and Payday Loan",6,2,5.76,5.0,_,421.43,25.682270565172377,27 Years and 3 Months,No,46.61612907334207,88.61443769767929,High_spent_Medium_value_payments,397.292766562312,Good
0x1679,CUS_0xba08,December,Jamesj,45,366-68-1681,Journalist,31370.8,,1,6,12,2,"Not Specified, and Payday Loan",1,0,5.76,5.0,Good,421.43,40.30423113590268,27 Years and 4 Months,No,46.61612907334207,22.29805714008664,High_spent_Large_value_payments,453.6091471199046,Good
0x1682,CUS_0xa66b,September,Saphirj,41_,221-30-8554,Teacher,33751.27,2948.605833333333,5,5,20,3,"Credit-Builder Loan, Personal Loan, and Auto Loan",16,19,11.0,8.0,Standard,1328.93,27.983092917100603,19 Years and 10 Months,Yes,65.00817428651536,271.2081244457186,Low_spent_Small_value_payments,248.6442846010993,Standard
0x1683,CUS_0xa66b,October,Saphirj,41,221-30-8554,_______,33751.27,,5,5,20,3,"Credit-Builder Loan, Personal Loan, and Auto Loan",16,20_,11.0,,Standard,1328.93,36.77820877359976,19 Years and 11 Months,Yes,65.00817428651536,139.3030385375825,Low_spent_Small_value_payments,380.54937050923553,Good
0x1684,CUS_0xa66b,November,Saphirj,41,221-30-8554,Teacher,33751.27,2948.605833333333,5,5,20,3,"Credit-Builder Loan, Personal Loan, and Auto Loan",11,20,14.0,8.0,_,1328.93,34.921444296737555,20 Years and 0 Months,NM,65.00817428651536,333.0991662446038,Low_spent_Small_value_payments,186.7532428022141,Standard
0x1685,CUS_0xa66b,December,Saphirj,41_,221-30-8554,Teacher,33751.27,2948.605833333333,5,5,20,3,"Credit-Builder Loan, Personal Loan, and Auto Loan",16,20,11.0,8.0,Standard,1328.93,38.585671611566745,,Yes,65.00817428651536,103.10059213364772,High_spent_Medium_value_payments,376.75181691317016,Standard
0x168e,CUS_0xc0ab,September,Soyoungd,33,342-90-2649,Engineer,88640.24,7266.686666666667,3,6,1,2,"Payday Loan, and Payday Loan",4,2,3.51,3.0,Good,950.36,36.014898020122665,,No,135.17337097171767,77.84134310772485,High_spent_Large_value_payments,753.6539525872245,Poor
0x168f,CUS_0xc0ab,October,Soyoungd,33,342-90-2649,Engineer,88640.24,7266.686666666667,3,6,1,2,"Payday Loan, and Payday Loan",4,2,3.51,3.0,_,950.36,26.679686642917765,26 Years and 2 Months,No,135.17337097171767,143.7326053071619,High_spent_Medium_value_payments,697.7626903877873,Good
0x1690,CUS_0xc0ab,November,Soyoungd,33,342-90-2649,_______,88640.24,7266.686666666667,3,6,5163,2,"Payday Loan, and Payday Loan",-1,2,3.51,5.0,Good,950.36,38.84765926260825,26 Years and 3 Months,NM,135.17337097171767,,Low_spent_Small_value_payments,411.41799334407415,Good
0x1691,CUS_0xc0ab,December,Soyoungd,33,342-90-2649,Engineer,88640.24,,3,6,1766,2,"Payday Loan, and Payday Loan",5,2,3.51,5.0,Good,950.36,40.8538943729154,26 Years and 4 Months,No,135.17337097171767,365.3193150964759,High_spent_Small_value_payments,486.1759805984733,Standard
0x169a,CUS_0x3e45,September,Harriet McLeodd,36,414-53-2918,Entrepreneur,54392.16,4766.68,6,4,14,3,"Not Specified, Student Loan, and Personal Loan",10,8,5.54,7.0,Standard,179.22,33.50246118473791,27 Years and 6 Months,Yes,124.39208242092045,329.5529933931268,Low_spent_Large_value_payments,292.7229241859528,Good
0x169b,CUS_0x3e45,October,Harriet McLeodd,36,414-53-2918,Entrepreneur,54392.16,4766.68,6,4,14,3,"Not Specified, Student Loan, and Personal Loan",10,10,5.54,7.0,Standard,179.22,34.02279546061346,27 Years and 7 Months,Yes,124.39208242092045,145.33057894012762,Low_spent_Medium_value_payments,486.945338638952,Good
0x169c,CUS_0x3e45,November,Harriet McLeodd,36,414-53-2918,Entrepreneur,54392.16,,6,4,14,3,"Not Specified, Student Loan, and Personal Loan",10,8,5.54,7.0,_,179.22,34.09022302574172,27 Years and 8 Months,Yes,124.39208242092045,252.4438259207728,High_spent_Small_value_payments,359.83209165830687,Standard
0x169d,CUS_0x3e45,December,Harriet McLeodd,36,414-53-2918,Entrepreneur,54392.16,,6,4,14,3,"Not Specified, Student Loan, and Personal Loan",10,10,5.54,7.0,_,179.22,27.442239288690807,27 Years and 9 Months,Yes,124.39208242092045,266.003300306344,High_spent_Small_value_payments,346.27261727273566,Standard
0x16a6,CUS_0x6c66,September,Sinead Carews,39,328-33-6328,Manager,8701.545,519.12875,6,5,32,7,"Personal Loan, Payday Loan, Student Loan, Auto Loan, Home Equity Loan, Student Loan, and Payday Loan",24,9,8.86,9.0,Standard,2602.69,38.4848522223348,9 Years and 7 Months,Yes,36.54819717138717,,High_spent_Small_value_payments,265.5600096056675,Poor
0x16a7,CUS_0x6c66,October,Sinead Carews,39,328-33-6328,_______,8701.545,519.12875,6,5,32,7,"Personal Loan, Payday Loan, Student Loan, Auto Loan, Home Equity Loan, Student Loan, and Payday Loan",23,10,8.86,9.0,Standard,2602.69,25.380714318086728,9 Years and 8 Months,Yes,36.54819717138717,37.64645856078626,Low_spent_Small_value_payments,267.71821926782656,Poor
0x16a8,CUS_0x6c66,November,Sinead Carews,40,328-33-6328,_______,8701.545,,6,5,32,7,"Personal Loan, Payday Loan, Student Loan, Auto Loan, Home Equity Loan, Student Loan, and Payday Loan",23,9,8.86,9.0,Standard,2602.69,35.78719142637542,9 Years and 9 Months,Yes,36.54819717138717,47.26517947445568,Low_spent_Medium_value_payments,248.0994983541572,Poor
0x16a9,CUS_0x6c66,December,Sinead Carews,40_,328-33-6328,Manager,8701.545,519.12875,6,5,32,7,"Personal Loan, Payday Loan, Student Loan, Auto Loan, Home Equity Loan, Student Loan, and Payday Loan",23,,8.86,9.0,Standard,2602.69,29.598239237073788,9 Years and 10 Months,Yes,36.54819717138717,43.68666124467885,Low_spent_Small_value_payments,261.678016583934,Poor
0x16b2,CUS_0xff4,September,Poornimaf,37,655-05-7666,Entrepreneur,25546.26,2415.855,8,7,14,5,"Not Specified, Student Loan, Student Loan, Credit-Builder Loan, and Auto Loan",12,,7.83,5.0,Standard,758.44,25.981289606756494,18 Years and 10 Months,Yes,101.3286373638512,19.356208441233953,High_spent_Large_value_payments,360.90065419491486,Standard
0x16b3,CUS_0xff4,October,Poornimaf,37,655-05-7666,Entrepreneur,25546.26,2415.855,8,7,14,5,"Not Specified, Student Loan, Student Loan, Credit-Builder Loan, and Auto Loan",16,14,7.83,7.0,Standard,758.44,38.6380786528206,18 Years and 11 Months,Yes,101.3286373638512,105.83772025352778,Low_spent_Medium_value_payments,314.4191423826211,Standard
0x16b4,CUS_0xff4,November,Poornimaf,37,#F%$D@*&8,_______,25546.26,2415.855,8,7,14,5,"Not Specified, Student Loan, Student Loan, Credit-Builder Loan, and Auto Loan",16,13,6.83,7.0,_,758.44,35.50770674538489,19 Years and 0 Months,Yes,101.3286373638512,__10000__,High_spent_Large_value_payments,359.8881170558921,Standard
0x16b5,CUS_0xff4,December,Poornimaf,37,655-05-7666,Entrepreneur,25546.26,2415.855,8,7,14,5,"Not Specified, Student Loan, Student Loan, Credit-Builder Loan, and Auto Loan",16,15,1.83,7.0,Standard,758.44,38.485249511178864,19 Years and 1 Months,Yes,101.3286373638512,141.04976298055809,Low_spent_Medium_value_payments,279.2070996555907,Standard
0x16be,CUS_0x33d2,September,Chalmersa,31,965-46-2491,Scientist,31993.78,2942.148333333333,6,6,3097,2,"Payday Loan, and Home Equity Loan",8,14,6.28,1.0,Standard,818.22,37.190189832300256,17 Years and 6 Months,Yes,45.14129822463578,23.27102220438635,High_spent_Large_value_payments,465.8025129043112,Standard
0x16bf,CUS_0x33d2,October,Chalmersa,31,965-46-2491,Scientist,31993.78,2942.148333333333,163,6,7,2,"Payday Loan, and Home Equity Loan",8,,6.28,1.0,Standard,818.22,27.11284513413262,17 Years and 7 Months,NM,45.14129822463578,167.8831859201672,Low_spent_Large_value_payments,351.1903491885304,Standard
0x16c0,CUS_0x33d2,November,Chalmersa,31,#F%$D@*&8,Scientist,31993.78,2942.148333333333,6,6,7,2,"Payday Loan, and Home Equity Loan",8,14,6.28,1.0,_,818.22,27.958937719052376,17 Years and 8 Months,Yes,45.14129822463578,__10000__,High_spent_Medium_value_payments,388.6088245046237,Standard
0x16c1,CUS_0x33d2,December,Chalmersa,31,965-46-2491,_______,31993.78,2942.148333333333,6,6,7,2,"Payday Loan, and Home Equity Loan",8,14,6.28,1.0,Standard,818.22,27.64032332825704,17 Years and 9 Months,Yes,45.14129822463578,86.03296639485399,Low_spent_Large_value_payments,433.0405687138437,Good
0x16ca,CUS_0x6070,September,,21,891-55-9364,Accountant,92047.08,7591.59,6,7,16,0,,11,14,9.13,4.0,_,1296.64,39.36824989043439,29 Years and 10 Months,Yes,0.0,629.4070206862149,Low_spent_Medium_value_payments,409.7519793137852,Standard
0x16cb,CUS_0x6070,October,Parkm,21,891-55-9364,Accountant,92047.08_,,6,7,16,0,,16,11,9.13,4.0,Standard,1296.64,34.659087165430755,29 Years and 11 Months,NM,0.0,124.48038648445377,High_spent_Large_value_payments,874.6786135155463,Standard
0x16cc,CUS_0x6070,November,Parkm,21,891-55-9364,Accountant,92047.08,7591.59,6,7,16,0,,18,,16.130000000000006,,Standard,1296.64,37.481643451694175,30 Years and 0 Months,Yes,0.0,503.9639511966688,Low_spent_Small_value_payments,545.1950488033312,Standard
0x16cd,CUS_0x6070,December,Parkm,21,891-55-9364,Accountant,92047.08_,7591.59,6,7,16,0,,16,8,9.13,4.0,_,1296.64,34.311355954864176,30 Years and 1 Months,Yes,0.0,384.31322521947715,Low_spent_Medium_value_payments,654.845774780523,Standard
0x16d6,CUS_0xfdb,September,Patrickg,46,928-91-4452,Teacher,32284.62,2749.762492341615,6,7,17,6,"Credit-Builder Loan, Not Specified, Mortgage Loan, Payday Loan, Credit-Builder Loan, and Personal Loan",9,1150,9.22,10.0,Standard,1283.37,28.86135378675188,7 Years and 1 Months,Yes,251.66006801375065,241.57066048913865,Low_spent_Small_value_payments,235.23027915549545,Standard
0x16d7,CUS_0xfdb,October,,46,#F%$D@*&8,Teacher,32284.62,2749.762492341615,6,7,17,6,"Credit-Builder Loan, Not Specified, Mortgage Loan, Payday Loan, Credit-Builder Loan, and Personal Loan",11,,9.22,10.0,Standard,1283.37,38.28446335238851,7 Years and 2 Months,Yes,251.66006801375065,171.76245861343844,!@9#%8,285.03848103119566,Standard
0x16d8,CUS_0xfdb,November,Patrickg,46,928-91-4452,_______,32284.62,2749.762492341615,6,7,17,6,"Credit-Builder Loan, Not Specified, Mortgage Loan, Payday Loan, Credit-Builder Loan, and Personal Loan",11,9,9.22,10.0,Standard,1283.37,28.973150435595823,7 Years and 3 Months,Yes,251.66006801375065,213.7900358616972,Low_spent_Small_value_payments,263.0109037829369,Standard
0x16d9,CUS_0xfdb,December,Patrickg,46,928-91-4452,Teacher,32284.62,2749.762492341615,6,7,17,6,"Credit-Builder Loan, Not Specified, Mortgage Loan, Payday Loan, Credit-Builder Loan, and Personal Loan",11,,9.22,10.0,Standard,1283.37,23.372765382553936,,Yes,251.66006801375065,57.47669663320196,High_spent_Large_value_payments,369.3242430114322,Standard
0x16e2,CUS_0x3553,September,,26,084-25-3745,_______,97791.42,7449.469346853578,6,6,12,0,,18,9,17.92,1.0,Standard,107.41,32.450557797263954,27 Years and 10 Months,Yes,629.8156531464217,,Low_spent_Large_value_payments,541.5571337358101,Standard
0x16e3,CUS_0x3553,October,Laurence Frosty,27,084-25-3745,Musician,97791.42,7449.469346853578,6,6,12,0,,18,8,17.92,1.0,Standard,107.41,32.48447662528514,27 Years and 11 Months,NM,629.8156531464217,698.5571927157868,Low_spent_Large_value_payments,379.3713072842132,Standard
0x16e4,CUS_0x3553,November,Laurence Frosty,27,084-25-3745,Musician,97791.42,7449.469346853578,6,6,12,0,,18,6,10.920000000000002,3.0,Standard,107.41,36.427252232568016,28 Years and 0 Months,Yes,629.8156531464217,159.57872253342185,High_spent_Medium_value_payments,898.3497774665782,Standard
0x16e5,CUS_0x3553,December,,27,084-25-3745,Musician,97791.42,,6,6,12,0,,17,11,17.92,3.0,Standard,107.41,31.517911959036194,28 Years and 1 Months,Yes,629.8156531464217,189.06955339288942,High_spent_Large_value_payments,858.8589466071106,Standard
0x16ee,CUS_0x4100,September,Reema,32,068-83-4394,Entrepreneur,19300.34,1512.361666666667,6,7,17,5_,"Mortgage Loan, Debt Consolidation Loan, Payday Loan, Auto Loan, and Not Specified",51,18,9.95,8.0,Bad,2430.21,34.47884913064688,18 Years and 10 Months,Yes,49.57206224445275,200.42709132280598,Low_spent_Small_value_payments,191.237013099408,Poor
0x16ef,CUS_0x4100,October,Reema,32_,#F%$D@*&8,Entrepreneur,19300.34,1512.361666666667,6,7,17,5,"Mortgage Loan, Debt Consolidation Loan, Payday Loan, Auto Loan, and Not Specified",51,19,5.949999999999998,8.0,_,2430.21,26.68283886166338,,Yes,49.57206224445275,191.90401247199776,Low_spent_Small_value_payments,199.76009195021612,Poor
0x16f0,CUS_0x4100,November,Reema,32,068-83-4394,Entrepreneur,19300.34,1512.361666666667,6,7,17,5,"Mortgage Loan, Debt Consolidation Loan, Payday Loan, Auto Loan, and Not Specified",51,19,9.95,8.0,Bad,2430.21,37.36390440294918,19 Years and 0 Months,Yes,49.57206224445275,44.509509846074074,Low_spent_Medium_value_payments,337.15459457613986,Poor
0x16f1,CUS_0x4100,December,,32,068-83-4394,Entrepreneur,19300.34,1512.361666666667,6,7,17,5,"Mortgage Loan, Debt Consolidation Loan, Payday Loan, Auto Loan, and Not Specified",51,22,9.95,8.0,Bad,2430.21,39.26219288864508,,Yes,49.57206224445275,80.38841840936045,Low_spent_Small_value_payments,311.27568601285344,Poor
0x16fa,CUS_0x132f,September,Mark Felsenthald,41,561-60-9294,Musician,19514.88,1828.24,7,5,17,0,,34,12,4.17,4.0,_,881.4,25.652528186320787,,No,0.0,148.68776548256318,Low_spent_Small_value_payments,324.13623451743683,Standard
0x16fb,CUS_0x132f,October,,42,561-60-9294,Musician,19514.88,1828.24,7,5,17,-100,,30,15,4.17,4.0,Standard,881.4,27.22256252865838,20 Years and 0 Months,No,0.0,63.111058923726304,High_spent_Small_value_payments,379.71294107627375,Standard
0x16fc,CUS_0x132f,November,Mark Felsenthald,42,561-60-9294,Musician,19514.88,1828.24,7,5,17,0,,30,14,4.17,4.0,Standard,881.4,36.37300146428006,20 Years and 1 Months,No,0.0,202.13477304411643,Low_spent_Small_value_payments,270.6892269558836,Standard
0x16fd,CUS_0x132f,December,Mark Felsenthald,42,561-60-9294,Musician,19514.88,1828.24,7,5,17,0,,32,12,4.17,4.0,Standard,881.4,39.37948427005254,20 Years and 2 Months,No,0.0,65.50472270330198,High_spent_Medium_value_payments,367.319277296698,Standard
0x1706,CUS_0xa16e,September,Lee Chyenz,42,905-50-7912,Media_Manager,10183.015_,1074.5845833333333,7,5,17,5,"Credit-Builder Loan, Mortgage Loan, Mortgage Loan, Credit-Builder Loan, and Student Loan",45,23,7.97,8.0,Bad,1672.43,34.70806380040905,10 Years and 9 Months,Yes,37.58807283812568,52.05337930862576,!@9#%8,297.81700618658186,Poor
0x1707,CUS_0xa16e,October,Lee Chyenz,42_,#F%$D@*&8,Media_Manager,10183.015,1074.5845833333333,7,5,17,5,"Credit-Builder Loan, Mortgage Loan, Mortgage Loan, Credit-Builder Loan, and Student Loan",48,21,7.97,8.0,Bad,1672.43,35.682262655668886,10 Years and 10 Months,Yes,37.58807283812568,101.77505505754374,Low_spent_Medium_value_payments,248.0953304376639,Poor
0x1708,CUS_0xa16e,November,Lee Chyenz,42,905-50-7912,Media_Manager,10183.015,1074.5845833333333,7,5,17,-100,"Credit-Builder Loan, Mortgage Loan, Mortgage Loan, Credit-Builder Loan, and Student Loan",48,21,7.97,8.0,Bad,1672.43,23.679725156723148,10 Years and 11 Months,Yes,37.58807283812568,50.04937041611942,Low_spent_Medium_value_payments,299.82101507908817,Poor
0x1709,CUS_0xa16e,December,Lee Chyenz,42,905-50-7912,Media_Manager,10183.015_,1074.5845833333333,7,5,17,5,"Credit-Builder Loan, Mortgage Loan, Mortgage Loan, Credit-Builder Loan, and Student Loan",48,21,7.97,8.0,Bad,1672.43,33.72430069146658,11 Years and 0 Months,Yes,37.58807283812568,66.98367928238576,Low_spent_Small_value_payments,292.8867062128219,Poor
0x1712,CUS_0xac86,September,Nickb,20,028-16-4402,Entrepreneur,106733.13,8873.4275,4,4,1,0,,3,6,0.86,1.0,Good,76.23,29.671456705130176,33 Years and 5 Months,No,0.0,357.1133610865673,Low_spent_Medium_value_payments,810.2293889134328,Good
0x1713,CUS_0xac86,October,Nickb,20,028-16-4402,Entrepreneur,106733.13,8873.4275,4,4,1,0,,4,5,0.86,1.0,Good,76.23,41.37668565581181,33 Years and 6 Months,No,0.0,207.72741143089615,High_spent_Large_value_payments,919.615338569104,Good
0x1714,CUS_0xac86,November,Nickb,20,028-16-4402,Entrepreneur,106733.13,8873.4275,4,4,1,0,,5,6,-6.14,1.0,Good,76.23,27.22618109607017,33 Years and 7 Months,No,0.0,500.52860067389,Low_spent_Medium_value_payments,666.8141493261099,Good
0x1715,CUS_0xac86,December,Nickb,20,028-16-4402,_______,106733.13,8873.4275,4,4,1,0,,5,6_,0.86,1.0,_,76.23,32.45739644866129,33 Years and 8 Months,No,0.0,320.4882845609102,High_spent_Medium_value_payments,816.8544654390898,Good
0x171e,CUS_0x5b48,September,McBrideq,32,706-95-0150,Lawyer,12600.445,782.0370833333334,5,5,10,3,"Not Specified, Student Loan, and Student Loan",25,19,15.79,11.0,Standard,569.8,33.64942832302815,12 Years and 11 Months,Yes,26.060347529205966,63.565427864540865,Low_spent_Small_value_payments,278.5779329395865,Poor
0x171f,CUS_0x5b48,October,McBrideq,32,706-95-0150,Lawyer,12600.445,782.0370833333334,936,5,10,-100,"Not Specified, Student Loan, and Student Loan",25,19,15.79,11.0,Standard,569.8,39.38484763433654,13 Years and 0 Months,NM,26.060347529205966,81.8586721957253,Low_spent_Small_value_payments,260.2846886084021,Poor
0x1720,CUS_0x5b48,November,McBrideq,32,706-95-0150,Lawyer,12600.445,782.0370833333334,5,5,10,3,"Not Specified, Student Loan, and Student Loan",25,17,15.79,11.0,Standard,569.8,27.54275808476485,13 Years and 1 Months,NM,26.060347529205966,52.808230662619934,Low_spent_Small_value_payments,289.33513014150736,Poor
0x1721,CUS_0x5b48,December,McBrideq,32,706-95-0150,Lawyer,12600.445,782.0370833333334,5,5,10,3,"Not Specified, Student Loan, and Student Loan",25,,15.79,11.0,Standard,569.8,30.54258247173229,13 Years and 2 Months,NM,26.060347529205966,19.600997331776377,High_spent_Medium_value_payments,282.542363472351,Poor
0x172a,CUS_0xa5f9,September,Rickt,34,189-09-5267,Mechanic,57983.12,4720.926666666667,9,8,31,8,"Payday Loan, Not Specified, Credit-Builder Loan, Debt Consolidation Loan, Payday Loan, Not Specified, Student Loan, and Student Loan",49,,7.27,17.0,Bad,3532.83,36.79142054149701,12 Years and 10 Months,Yes,200.43261339470683,172.3887516003397,High_spent_Small_value_payments,359.27130167162017,Standard
0x172b,CUS_0xa5f9,October,Rickt,35,189-09-5267,Mechanic,57983.12,4720.926666666667,9,8,31,8,"Payday Loan, Not Specified, Credit-Builder Loan, Debt Consolidation Loan, Payday Loan, Not Specified, Student Loan, and Student Loan",43,22,7.27,17.0,_,3532.83,26.58320920040252,12 Years and 11 Months,Yes,200.43261339470683,527.1452187488069,Low_spent_Small_value_payments,34.51483452315301,Poor
0x172c,CUS_0xa5f9,November,Rickt,35,189-09-5267,Mechanic,57983.12,,9,8,31,8,"Payday Loan, Not Specified, Credit-Builder Loan, Debt Consolidation Loan, Payday Loan, Not Specified, Student Loan, and Student Loan",50,21,7.27,17.0,Bad,3532.83,35.31638467149612,13 Years and 0 Months,Yes,200.43261339470683,191.04338258925824,High_spent_Medium_value_payments,330.6166706827016,Standard
0x172d,CUS_0xa5f9,December,Rickt,35,189-09-5267,Mechanic,57983.12,4720.926666666667,9,8,31,8,"Payday Loan, Not Specified, Credit-Builder Loan, Debt Consolidation Loan, Payday Loan, Not Specified, Student Loan, and Student Loan",48,,7.27,17.0,Bad,3532.83,35.581887735238425,13 Years and 1 Months,Yes,200.43261339470683,304.19540618394814,Low_spent_Small_value_payments,257.4646470880118,Standard
0x1736,CUS_0x4d43,September,Reijik,48,013-39-0742,Entrepreneur,20787.69,1999.3075,8,6,14,3,"Home Equity Loan, Credit-Builder Loan, and Home Equity Loan",22,14,1.13,3.0,Standard,614.6,38.95299631544785,18 Years and 6 Months,No,42.22199265643221,49.50353558666441,High_spent_Medium_value_payments,358.20522175690337,Standard
0x1737,CUS_0x4d43,October,Reijik,48,013-39-0742,Entrepreneur,20787.69,1999.3075,8,6,14,3,"Home Equity Loan, Credit-Builder Loan, and Home Equity Loan",22,15,0.1299999999999999,1905.0,Standard,614.6,34.664583629745366,,No,42.22199265643221,98.56448172727896,Low_spent_Medium_value_payments,339.1442756162888,Standard
0x1738,CUS_0x4d43,November,Reijik,48,013-39-0742,Entrepreneur,20787.69,1999.3075,8,6,14,3,"Home Equity Loan, Credit-Builder Loan, and Home Equity Loan",22,15,1.13,3.0,Standard,614.6,26.54850967751556,18 Years and 8 Months,No,42.22199265643221,257.6586730041918,Low_spent_Small_value_payments,190.050084339376,Standard
0x1739,CUS_0x4d43,December,Reijik,49,013-39-0742,Entrepreneur,20787.69,1999.3075,8,6,14,3,"Home Equity Loan, Credit-Builder Loan, and Home Equity Loan",22,14,1.13,5.0,Standard,614.6,35.33001552852757,18 Years and 9 Months,No,42.22199265643221,106.32884739776199,Low_spent_Small_value_payments,341.3799099458058,Standard
0x1742,CUS_0xb95f,September,Ashleyk,30,467-13-1148,Writer,34290.12,2697.51,9,8,25,7,"Home Equity Loan, Credit-Builder Loan, Credit-Builder Loan, Home Equity Loan, Debt Consolidation Loan, Mortgage Loan, and Auto Loan",49,9,13.96,13.0,Standard,2686.81,38.94266783614944,14 Years and 4 Months,Yes,185.1119825795006,167.28030215512513,Low_spent_Large_value_payments,187.3587152653744,Standard
0x1743,CUS_0xb95f,October,Ashleyk,30,467-13-1148,Writer,34290.12,2697.51,9,8,25,7,"Home Equity Loan, Credit-Builder Loan, Credit-Builder Loan, Home Equity Loan, Debt Consolidation Loan, Mortgage Loan, and Auto Loan",55,9,_,13.0,Standard,2686.81,27.69956439753498,14 Years and 5 Months,Yes,185.1119825795006,188.3807622267081,Low_spent_Small_value_payments,186.2582551937914,Poor
0x1744,CUS_0xb95f,November,Ashleyk,30,467-13-1148,Writer,34290.12,2697.51,9,8,25,7,"Home Equity Loan, Credit-Builder Loan, Credit-Builder Loan, Home Equity Loan, Debt Consolidation Loan, Mortgage Loan, and Auto Loan",52,11,13.96,13.0,Standard,2686.81,34.77166896023211,14 Years and 6 Months,Yes,185.1119825795006,50.450375180479476,High_spent_Medium_value_payments,284.18864224002004,Poor
0x1745,CUS_0xb95f,December,Ashleyk,30,467-13-1148,Writer,34290.12,2697.51,9,8,25,7,"Home Equity Loan, Credit-Builder Loan, Credit-Builder Loan, Home Equity Loan, Debt Consolidation Loan, Mortgage Loan, and Auto Loan",52,10,12.96,13.0,Standard,2686.81,24.08827489180331,14 Years and 7 Months,Yes,185.1119825795006,64.12030667631363,High_spent_Large_value_payments,260.51871074418585,Poor
0x174e,CUS_0x3edc,September,,33,663-16-3845,_______,43070.24,3622.186666666666,3,3,18,1,Debt Consolidation Loan,16,6,14.97,8.0,Standard,1233.1,41.08715772326562,19 Years and 10 Months,Yes,30.57608482316153,304.94572548618487,Low_spent_Large_value_payments,296.6968563573202,Standard
0x174f,CUS_0x3edc,October,Williamso,33,#F%$D@*&8,Accountant,43070.24,3622.186666666666,3,3,18,1,Debt Consolidation Loan,10,,8.97,8.0,_,1233.1,31.73880499861239,19 Years and 11 Months,Yes,30.57608482316153,,High_spent_Medium_value_payments,496.9481109584102,Standard
0x1750,CUS_0x3edc,November,Williamso,33_,663-16-3845,Accountant,43070.24,3622.186666666666,3,3,18,1,Debt Consolidation Loan,6,8,5.9700000000000015,8.0,Standard,1233.1,27.548973092343964,20 Years and 0 Months,Yes,30.57608482316153,142.3748859905269,High_spent_Small_value_payments,449.2676958529782,Standard
0x1751,CUS_0x3edc,December,Williamso,33_,663-16-3845,Accountant,43070.24,3622.186666666666,3,3,18,1_,Debt Consolidation Loan,11,7,8.97,8.0,Standard,1233.1,31.553922400187425,20 Years and 1 Months,Yes,30.57608482316153,28.187146041020004,High_spent_Large_value_payments,543.4554358024851,Standard
0x175a,CUS_0xbffe,September,Dhanya Skariachano,41,311-13-7309,Architect,28572.39,2210.0325,6,3,15,3,"Payday Loan, Not Specified, and Auto Loan",25,10,4.89,2.0,Standard,400.07,32.23063700006014,30 Years and 11 Months,Yes,69.60292048199007,__10000__,Low_spent_Large_value_payments,217.06066712009587,Standard
0x175b,CUS_0xbffe,October,Dhanya Skariachano,41,311-13-7309,Architect,28572.39,2210.0325,6,3,15,3,"Payday Loan, Not Specified, and Auto Loan",25,,4.89,2.0,Standard,400.07,28.418396913534227,31 Years and 0 Months,Yes,69.60292048199007,123.29121864226572,Low_spent_Large_value_payments,298.1091108757442,Standard
0x175c,CUS_0xbffe,November,Dhanya Skariachano,41,311-13-7309,Architect,28572.39,2210.0325,6,3,15,3,"Payday Loan, Not Specified, and Auto Loan",25,12,4.89,2.0,_,400.07,25.940774434275117,31 Years and 1 Months,Yes,69.60292048199007,150.61949153404655,Low_spent_Large_value_payments,270.7808379839633,Standard
0x175d,CUS_0xbffe,December,Dhanya Skariachano,41,311-13-7309,Architect,28572.39,2210.0325,6,3,15,3,"Payday Loan, Not Specified, and Auto Loan",25,12,4.89,2.0,Standard,400.07,31.909035592946104,31 Years and 2 Months,Yes,69.60292048199007,139.64054008224986,High_spent_Small_value_payments,271.75978943576007,Standard
0x1766,CUS_0xb681,September,Sarahb,38,904-88-7361,Manager,39641.54,3007.461666666666,10,211,25,6,"Auto Loan, Student Loan, Payday Loan, Payday Loan, Mortgage Loan, and Debt Consolidation Loan",61,13,1.54,8.0,Bad,2258.73,32.77593660463945,9 Years and 4 Months,Yes,172.38252735862687,159.88123200781456,Low_spent_Small_value_payments,258.4824073002253,Poor
0x1767,CUS_0xb681,October,Sarahb,38,904-88-7361,Manager,39641.54,3007.461666666666,10,8,25,6,"Auto Loan, Student Loan, Payday Loan, Payday Loan, Mortgage Loan, and Debt Consolidation Loan",61,19,1.54,8.0,Bad,2258.73,37.55424655900936,,Yes,50770.0,254.31779306377518,Low_spent_Large_value_payments,144.04584624426468,Poor
0x1768,CUS_0xb681,November,Sarahb,38,904-88-7361,Manager,39641.54,3007.461666666666,10,8,25,6,"Auto Loan, Student Loan, Payday Loan, Payday Loan, Mortgage Loan, and Debt Consolidation Loan",59,14,1.54,8.0,_,2258.73,37.69152029864392,9 Years and 6 Months,NM,172.38252735862687,115.70679748009908,High_spent_Medium_value_payments,262.65684182794075,Poor
0x1769,CUS_0xb681,December,,38_,904-88-7361,Manager,39641.54,3007.461666666666,10,8,25,6,"Auto Loan, Student Loan, Payday Loan, Payday Loan, Mortgage Loan, and Debt Consolidation Loan",60,2077,1.54,8.0,Bad,2258.73,24.749140589266087,9 Years and 7 Months,Yes,172.38252735862687,138.19536067914876,Low_spent_Small_value_payments,280.1682786288912,Poor
0x1772,CUS_0x9a71,September,Mukhopadhyayc,55,889-07-2357,Scientist,20186.02,1684.168333333333,1,5,1,2,"Auto Loan, and Home Equity Loan",4,3,6.83,4.0,_,413.32,39.39690775223124,18 Years and 11 Months,No,29.534583720496048,99.29261248022516,Low_spent_Small_value_payments,329.5896371326121,Good
0x1773,CUS_0x9a71,October,Mukhopadhyayc,55,889-07-2357,_______,20186.02,1684.168333333333,1,5,1,2,"Auto Loan, and Home Equity Loan",5,6,6.83,4.0,Good,413.32,30.419567349784646,19 Years and 0 Months,No,29.534583720496048,48.014654022904885,High_spent_Medium_value_payments,340.8675955899324,Good
0x1774,CUS_0x9a71,November,Mukhopadhyayc,55,889-07-2357,Scientist,20186.02,1684.168333333333,1,5,1,2,"Auto Loan, and Home Equity Loan",5,5,6.83,4.0,Good,413.32,40.296580610984286,19 Years and 1 Months,No,29.534583720496048,55.934633624194056,High_spent_Medium_value_payments,332.9476159886433,Good
0x1775,CUS_0x9a71,December,Mukhopadhyayc,55,889-07-2357,Scientist,20186.02,,1,5,1,2,"Auto Loan, and Home Equity Loan",5,9,6.83,5.0,Good,413.32,35.4911742665814,19 Years and 2 Months,No,29.534583720496048,14.290273347110741,High_spent_Large_value_payments,364.59197626572654,Good
0x177e,CUS_0x6048,September,Ayeshaz,44,425-47-6723,Musician,18627.64,1387.303333333333,7,7,19,6,"Payday Loan, Not Specified, Student Loan, Credit-Builder Loan, Credit-Builder Loan, and Payday Loan",30,21,5.07,7.0,_,1793.54,34.00360165938601,19 Years and 5 Months,Yes,65.13948777561222,97.95764593598642,Low_spent_Small_value_payments,265.6331996217346,Standard
0x177f,CUS_0x6048,October,,44,425-47-6723,Musician,18627.64,1387.303333333333,7,7,19,6,"Payday Loan, Not Specified, Student Loan, Credit-Builder Loan, Credit-Builder Loan, and Payday Loan",31,23,5.07,7.0,_,1793.54,35.04720315072672,19 Years and 6 Months,Yes,65.13948777561222,79.02083026174317,Low_spent_Small_value_payments,284.57001529597795,Standard
0x1780,CUS_0x6048,November,Ayeshaz,44,425-47-6723,Musician,18627.64,1387.303333333333,7,7,19,6,"Payday Loan, Not Specified, Student Loan, Credit-Builder Loan, Credit-Builder Loan, and Payday Loan",31,23,5.07,7.0,Bad,1793.54,34.78982153993944,19 Years and 7 Months,Yes,65.13948777561222,74.3042407099912,High_spent_Small_value_payments,259.2866048477299,Standard
0x1781,CUS_0x6048,December,Ayeshaz,44,425-47-6723,Musician,18627.64,1387.303333333333,7,7,19,6,"Payday Loan, Not Specified, Student Loan, Credit-Builder Loan, Credit-Builder Loan, and Payday Loan",27,21,5.07,7.0,_,1793.54,35.18986915573552,19 Years and 8 Months,Yes,65.13948777561222,58.859428322835576,High_spent_Small_value_payments,274.73141723488555,Standard
0x178a,CUS_0x95b5,September,Lisa Baertleinu,22,602-55-1355,Engineer,12986.745,959.22875,4,3,10,2,"Mortgage Loan, and Payday Loan",27,17,11.8,7.0,Standard,1489.49,25.77541495147188,9 Years and 4 Months,Yes,16.719300227776053,99.16492465658865,Low_spent_Medium_value_payments,260.0386501156353,Standard
0x178b,CUS_0x95b5,October,Lisa Baertleinu,22,602-55-1355,Engineer,12986.745,959.22875,4,3,10,2,"Mortgage Loan, and Payday Loan",30,16,11.8,7.0,Standard,1489.49,26.415502246528455,9 Years and 5 Months,Yes,16.719300227776053,49.9102338322073,Low_spent_Small_value_payments,319.2933409400166,Standard
0x178c,CUS_0x95b5,November,Lisa Baertleinu,22,602-55-1355,Engineer,12986.745,959.22875,4,3,10,2_,"Mortgage Loan, and Payday Loan",30,17,11.8,,_,1489.49,26.21611525731064,9 Years and 6 Months,Yes,16.719300227776053,125.71992336061001,Low_spent_Small_value_payments,243.48365141161395,Standard
0x178d,CUS_0x95b5,December,Lisa Baertleinu,-500,602-55-1355,Engineer,12986.745,959.22875,4,3,10,2,"Mortgage Loan, and Payday Loan",30,14,11.8,7.0,Standard,1489.49,27.34509835554881,9 Years and 7 Months,Yes,16.719300227776053,76.18991869541101,Low_spent_Medium_value_payments,283.01365607681294,Standard
0x1796,CUS_0x4004,September,Carlosj,44,679-26-6464,Writer,58317.0,4664.75,8,5,9,6,"Mortgage Loan, Personal Loan, Home Equity Loan, Personal Loan, Mortgage Loan, and Personal Loan",18,20,16.58,10.0,Standard,98.97,36.34203464170722,13 Years and 9 Months,Yes,149.89719942100822,162.73642005944185,Low_spent_Medium_value_payments,433.84138051954994,Standard
0x1797,CUS_0x4004,October,Carlosj,44,679-26-6464,_______,58317.0,4664.75,8,5,9,6,"Mortgage Loan, Personal Loan, Home Equity Loan, Personal Loan, Mortgage Loan, and Personal Loan",18,20,16.58,10.0,Standard,98.97,26.88547843088873,13 Years and 10 Months,NM,149.89719942100822,234.1986172144215,Low_spent_Small_value_payments,372.3791833645704,Standard
0x1798,CUS_0x4004,November,Carlosj,44,679-26-6464,Writer,58317.0,4664.75,8,5,9,6,"Mortgage Loan, Personal Loan, Home Equity Loan, Personal Loan, Mortgage Loan, and Personal Loan",15,20,16.58,10.0,Standard,98.97,27.66897220867021,13 Years and 11 Months,Yes,149.89719942100822,112.7241835063515,High_spent_Large_value_payments,443.8536170726403,Standard
0x1799,CUS_0x4004,December,Carlosj,44,679-26-6464,Writer,58317.0,4664.75,8,5,9,6,"Mortgage Loan, Personal Loan, Home Equity Loan, Personal Loan, Mortgage Loan, and Personal Loan",18,20,16.58,10.0,Standard,98.97,22.597463289557474,,Yes,149.89719942100822,619.995796117864,Low_spent_Small_value_payments,,Standard
0x17a2,CUS_0xb101,September,Andreas Cremerf,37,253-91-2822,Scientist,42171.98,3764.331666666667,2,7,10,3,"Auto Loan, Auto Loan, and Not Specified",4,10,2.58,4.0,_,556.91,35.31215748106678,,NM,102.7629131170904,,Low_spent_Small_value_payments,399.6452620447029,Good
0x17a3,CUS_0xb101,October,Andreas Cremerf,37,253-91-2822,Scientist,42171.98,3764.331666666667,2,7,10,3,"Auto Loan, Auto Loan, and Not Specified",8,11_,2.58,4.0,Good,556.91,28.76152739499421,22 Years and 2 Months,No,102.7629131170904,304.8093010913887,Low_spent_Large_value_payments,238.8609524581876,Good
0x17a4,CUS_0xb101,November,Andreas Cremerf,37,253-91-2822,Scientist,42171.98,3764.331666666667,2,7,10,3,"Auto Loan, Auto Loan, and Not Specified",4,10,2.58,6.0,_,556.91,27.66955811834077,22 Years and 3 Months,NM,102.7629131170904,,High_spent_Large_value_payments,439.1619258333975,Good
0x17a5,CUS_0xb101,December,Andreas Cremerf,37,253-91-2822,_______,42171.98,3764.331666666667,2,7,10,3,"Auto Loan, Auto Loan, and Not Specified",4,10,2.58,6.0,Good,556.91,36.578239192701815,22 Years and 4 Months,No,102.7629131170904,214.14104649116825,Low_spent_Large_value_payments,329.529207058408,Good
0x17ae,CUS_0x9b94,September,Bri,36,734-54-7098,Manager,71681.4_,5799.45,3,6,15,-100,Not Specified,8,8,10.44,0.0,Standard,1293.02,23.808046098437945,26 Years and 3 Months,Yes,53.92351397165268,306.99628734014715,High_spent_Small_value_payments,479.0251986882001,Standard
0x17af,CUS_0x9b94,October,Bri,36,734-54-7098,Manager,71681.4,5799.45,3,6,15,1,Not Specified,8,6,5.44,0.0,Standard,1293.02,38.60948946615,26 Years and 4 Months,Yes,53.92351397165268,239.05817254719898,!@9#%8,536.9633134811484,Standard
0x17b0,CUS_0x9b94,November,Bri,36,734-54-7098,Manager,71681.4,5799.45,3,6,15,1,Not Specified,8,7,9.44,0.0,_,1293.02,29.963113215035023,,Yes,53.92351397165268,74.60290879544424,High_spent_Medium_value_payments,701.4185772329031,Standard
0x17b1,CUS_0x9b94,December,Bri,36,734-54-7098,Manager,71681.4,,3,6,15,1,Not Specified,8,8,10.44,5.0,Standard,1293.02,26.044047941917125,26 Years and 6 Months,Yes,53.92351397165268,478.36065669554716,Low_spent_Large_value_payments,317.6608293328002,Standard
0x17ba,CUS_0x4080,September,,16,995-37-8920,Mechanic,29469.98,2227.8316666666665,705,7,24,5,"Personal Loan, Credit-Builder Loan, Debt Consolidation Loan, Not Specified, and Not Specified",48,21,26.94,12.0,Bad,3421.66,25.421302240233963,13 Years and 10 Months,Yes,69.68545857227979,167.27143929165752,Low_spent_Large_value_payments,255.8262688027293,Standard
0x17bb,CUS_0x4080,October,ra Alperx,16,995-37-8920,Mechanic,29469.98,2227.8316666666665,7,7,24,5,"Personal Loan, Credit-Builder Loan, Debt Consolidation Loan, Not Specified, and Not Specified",49,21,26.94,12.0,Bad,3421.66,32.59207553656722,13 Years and 11 Months,Yes,69.68545857227979,31.60260520923378,High_spent_Large_value_payments,361.49510288515313,Poor
0x17bc,CUS_0x4080,November,ra Alperx,17,995-37-8920,Mechanic,29469.98,2028.727911284025,7,182,24,5,"Personal Loan, Credit-Builder Loan, Debt Consolidation Loan, Not Specified, and Not Specified",53,21,26.94,12.0,_,3421.66,32.5406595850084,14 Years and 0 Months,Yes,268.78921395492137,130.52735907454257,High_spent_Small_value_payments,282.57034901984434,Poor
0x17bd,CUS_0x4080,December,ra Alperx,17,995-37-8920,Mechanic,29469.98_,,7,7,24,5,"Personal Loan, Credit-Builder Loan, Debt Consolidation Loan, Not Specified, and Not Specified",53,21,26.94,12.0,Bad,3421.66,33.988956454873126,14 Years and 1 Months,Yes,268.78921395492137,125.23733244555812,Low_spent_Small_value_payments,317.8603756488287,Poor
0x17c6,CUS_0x706a,September,Matt Falloonz,20,431-58-4893,Engineer,72559.36,6284.613333333334,4,5,17,4,"Home Equity Loan, Mortgage Loan, Credit-Builder Loan, and Payday Loan",14,17,2.74,5.0,_,1173.7,23.02296944630657,28 Years and 7 Months,No,215.83917063897167,,Low_spent_Medium_value_payments,70.86509796866903,Standard
0x17c7,CUS_0x706a,October,Matt Falloonz,20,431-58-4893,Engineer,72559.36,6284.613333333334,4,5,17,4,"Home Equity Loan, Mortgage Loan, Credit-Builder Loan, and Payday Loan",14,19,2.74,5.0,_,1173.7,33.36592465091732,28 Years and 8 Months,No,215.83917063897167,484.4040204906604,Low_spent_Large_value_payments,198.2181422037013,Standard
0x17c8,CUS_0x706a,November,Matt Falloonz,20,431-58-4893,Engineer,72559.36,,4,5,17,4,"Home Equity Loan, Mortgage Loan, Credit-Builder Loan, and Payday Loan",14,19,2.74,5.0,Standard,1173.7,35.184574015125555,28 Years and 9 Months,No,215.83917063897167,199.45031740911827,Low_spent_Medium_value_payments,493.17184528524336,Standard
0x17c9,CUS_0x706a,December,Matt Falloonz,20,431-58-4893,Engineer,72559.36,6284.613333333334,4,5,17,4,"Home Equity Loan, Mortgage Loan, Credit-Builder Loan, and Payday Loan",14,19,2.74,5.0,Standard,1173.7,29.71024332258681,28 Years and 10 Months,No,215.83917063897167,374.79606860115365,High_spent_Small_value_payments,297.8260940932082,Standard
0x17d2,CUS_0x42ac,September,Lawrencea,37,700-60-3660,Musician,15566.02,1423.168333333333,8,5,32,4,"Home Equity Loan, Credit-Builder Loan, Personal Loan, and Mortgage Loan",13,20,9.24,9.0,_,1693.95,35.25868915551265,,Yes,43.07051960231588,162.66695489524832,Low_spent_Small_value_payments,226.5793588357692,Poor
0x17d3,CUS_0x42ac,October,Lawrencea,37_,700-60-3660,Musician,15566.02,1423.168333333333,8,5,32,4,"Home Equity Loan, Credit-Builder Loan, Personal Loan, and Mortgage Loan",12,20,3.24,9.0,Standard,1693.95,30.77530249613676,8 Years and 7 Months,Yes,43.07051960231588,85.06097027152596,Low_spent_Small_value_payments,304.1853434594915,Poor
0x17d4,CUS_0x42ac,November,Lawrencea,37,700-60-3660,Musician,15566.02,1423.168333333333,8,5,32,4,"Home Equity Loan, Credit-Builder Loan, Personal Loan, and Mortgage Loan",17,20,9.24,9.0,Standard,1693.95,24.03584985300275,8 Years and 8 Months,Yes,43.07051960231588,147.41818402641738,Low_spent_Small_value_payments,241.8281297046001,Poor
0x17d5,CUS_0x42ac,December,Lawrencea,37,700-60-3660,Musician,15566.02,1423.168333333333,8,5,32,4,"Home Equity Loan, Credit-Builder Loan, Personal Loan, and Mortgage Loan",17,22,4.24,9.0,_,1693.95,24.912378358036733,8 Years and 9 Months,Yes,43.07051960231588,93.10877746363713,Low_spent_Medium_value_payments,286.1375362673804,Poor
0x17de,CUS_0x571f,September,Emily Flitterl,19_,397-28-9675,Developer,66567.32,5800.276666666668,5,7,5,2,"Mortgage Loan, and Not Specified",7,15_,5.67,2.0,Standard,233.79,26.45967317656464,24 Years and 11 Months,No,100.18936089086122,__10000__,High_spent_Large_value_payments,623.2917733229376,Standard
0x17df,CUS_0x571f,October,Emily Flitterl,19,397-28-9675,Developer,66567.32,5800.276666666668,5,7,5,2,"Mortgage Loan, and Not Specified",7,15,5.67,2.0,Standard,233.79,26.47501157048493,25 Years and 0 Months,No,100.18936089086122,107.65137008979313,High_spent_Medium_value_payments,622.1869356860124,Standard
0x17e0,CUS_0x571f,November,Emily Flitterl,19,397-28-9675,Developer,66567.32,5800.276666666668,5,7,5,2_,"Mortgage Loan, and Not Specified",5,15,5.67,2.0,Standard,233.79,31.48360268250671,25 Years and 1 Months,No,100.18936089086122,344.82459807899244,!@9#%8,395.01370769681296,Standard
0x17e1,CUS_0x571f,December,Emily Flitterl,19,397-28-9675,Developer,66567.32,5800.276666666668,5,7,5,2,"Mortgage Loan, and Not Specified",7,15,5.67,2.0,Standard,233.79,40.303827080568375,25 Years and 2 Months,No,100.18936089086122,100.39587069098451,High_spent_Large_value_payments,619.442435084821,Standard
0x17ea,CUS_0xb5ff,September,Nateg,33,060-81-1328,Media_Manager,12909.895,853.8245833333333,5,5,13,0,,25,13,7.58,3.0,Standard,602.5,25.40613455558175,17 Years and 9 Months,No,0.0,54.17040424709995,!@9#%8,321.21205408623337,Good
0x17eb,CUS_0xb5ff,October,Nateg,3193,060-81-1328,Media_Manager,12909.895,853.8245833333333,5,5,13,0,,22,14,7.58,3.0,Standard,602.5,39.56255490128193,17 Years and 10 Months,No,76196.0,26.47453711526416,Low_spent_Large_value_payments,328.9079212180692,Standard
0x17ec,CUS_0xb5ff,November,Nateg,33,060-81-1328,Media_Manager,12909.895,,5,5,13,0,,22,14,7.58,3.0,_,602.5,37.17362983737996,17 Years and 11 Months,No,0.0,__10000__,Low_spent_Medium_value_payments,341.83657840661704,Standard
0x17ed,CUS_0xb5ff,December,Nateg,33,060-81-1328,Media_Manager,20601508.0,853.8245833333333,5,5,13,0,,22,12,7.58,3.0,Standard,602.5,37.75049154174107,18 Years and 0 Months,No,0.0,83.99038212517874,!@9#%8,291.39207620815466,Standard
0x17f6,CUS_0x6a1b,September,Toonkeln,33,252-50-2326,Accountant,30788.44_,2623.703333333333,7,9,31,6,"Credit-Builder Loan, Payday Loan, Home Equity Loan, Credit-Builder Loan, Personal Loan, and Credit-Builder Loan",49,20,18.73,9.0,Bad,3470.08,28.70868274990321,1 Years and 10 Months,NM,114.533020898938,__10000__,High_spent_Large_value_payments,325.5498530495152,Standard
0x17f7,CUS_0x6a1b,October,Toonkeln,33,252-50-2326,Accountant,30788.44,,7,9,31,6,"Credit-Builder Loan, Payday Loan, Home Equity Loan, Credit-Builder Loan, Personal Loan, and Credit-Builder Loan",53,19,21.73,9.0,_,3470.08,26.31821955912509,1 Years and 11 Months,Yes,114.533020898938,89.59847377221806,High_spent_Small_value_payments,318.23883866217733,Poor
0x17f8,CUS_0x6a1b,November,Toonkeln,33_,252-50-2326,Accountant,30788.44,2623.703333333333,7,9,31,6,"Credit-Builder Loan, Payday Loan, Home Equity Loan, Credit-Builder Loan, Personal Loan, and Credit-Builder Loan",50,21,20.73,9.0,Bad,3470.08,36.226656344628886,2 Years and 0 Months,Yes,114.533020898938,296.1071984225468,Low_spent_Small_value_payments,141.7301140118485,Standard
0x17f9,CUS_0x6a1b,December,Toonkeln,33,252-50-2326,Accountant,30788.44,2623.703333333333,7,9,31,6_,"Credit-Builder Loan, Payday Loan, Home Equity Loan, Credit-Builder Loan, Personal Loan, and Credit-Builder Loan",44,20,17.73,13.0,Bad,3470.08,33.491468635341825,2 Years and 1 Months,Yes,114.533020898938,343.2481544688096,Low_spent_Small_value_payments,94.5891579655858,Standard
0x1802,CUS_0x9bc1,September,Jaisinghanij,42,445-18-4420,Architect,20574.47,1740.539166666667,6,3,14,4,"Credit-Builder Loan, Personal Loan, Credit-Builder Loan, and Home Equity Loan",6,10,14.74,11.0,Standard,749.95,39.73211698649768,11 Years and 7 Months,Yes,49.348666321498655,65.93064944867074,Low_spent_Large_value_payments,328.7746008964973,Standard
0x1803,CUS_0x9bc1,October,Jaisinghanij,42,445-18-4420,Architect,20574.47,1740.539166666667,6,3,14,4,"Credit-Builder Loan, Personal Loan, Credit-Builder Loan, and Home Equity Loan",6,12,10.74,11.0,Standard,749.95,34.37783509597484,11 Years and 8 Months,Yes,49.348666321498655,43.565264788859864,High_spent_Large_value_payments,321.13998555630815,Standard
0x1804,CUS_0x9bc1,November,Jaisinghanij,43,445-18-4420,Architect,20574.47,1740.539166666667,6,3,14,4_,"Credit-Builder Loan, Personal Loan, Credit-Builder Loan, and Home Equity Loan",4,9,13.74,11.0,Standard,749.95,35.52711862461349,11 Years and 9 Months,NM,49.348666321498655,197.43938085889232,Low_spent_Small_value_payments,217.2658694862757,Standard
0x1805,CUS_0x9bc1,December,Jaisinghanij,43,445-18-4420,Architect,20574.47,1740.539166666667,6,3,14,4,"Credit-Builder Loan, Personal Loan, Credit-Builder Loan, and Home Equity Loan",6,12,14.74,11.0,Standard,749.95,27.44347031492073,11 Years and 10 Months,Yes,49.348666321498655,23.560489889358077,!@9#%8,341.14476045580994,Standard
0x180e,CUS_0xc65,September,Pomeroyi,339,473-91-5845,_______,148699.32,12432.61,3,4,5,3,"Personal Loan, Mortgage Loan, and Payday Loan",13,6,9.2,1.0,Good,949.38,31.242582087119523,31 Years and 3 Months,No,364.9151774048712,998.6343354897116,Low_spent_Large_value_payments,149.71148710541732,Standard
0x180f,CUS_0xc65,October,,22,473-91-5845,Lawyer,148699.32,,3,4,5,3,"Personal Loan, Mortgage Loan, and Payday Loan",13,6,9.2,1.0,Good,949.38,26.680126079571075,31 Years and 4 Months,NM,364.9151774048712,517.9338869302671,!@9#%8,610.4119356648617,Standard
0x1810,CUS_0xc65,November,Pomeroyi,22,473-91-5845,Lawyer,148699.32,12432.61,3,4,5,3,"Personal Loan, Mortgage Loan, and Payday Loan",13,4,9.2,1.0,Good,949.38,32.94616475327622,31 Years and 5 Months,No,364.9151774048712,1049.8682168332366,Low_spent_Medium_value_payments,108.47760576189216,Standard
0x1811,CUS_0xc65,December,Pomeroyi,22,473-91-5845,Lawyer,148699.32,12432.61,3,4,5,3,"Personal Loan, Mortgage Loan, and Payday Loan",13,6,9.2,1.0,Good,949.38,30.13624117588956,31 Years and 6 Months,No,364.9151774048712,296.80468401164023,High_spent_Large_value_payments,821.5411385834888,Standard
0x181a,CUS_0xaedb,September,Olivia Oranr,20,272-47-1135,Musician,85554.03,7185.5025,4,2,3,0,,10,4,6.43,3.0,Good,1095.73,37.215288262387006,20 Years and 3 Months,No,0.0,212.00664451387192,Low_spent_Large_value_payments,776.5436054861283,Good
0x181b,CUS_0xaedb,October,Olivia Oranr,20,272-47-1135,Musician,85554.03,7185.5025,4,2,3,0,,12,8,6.43,3.0,_,1095.73,32.89858445852859,20 Years and 4 Months,No,0.0,57.04699053352163,High_spent_Large_value_payments,901.5032594664784,Good
0x181c,CUS_0xaedb,November,Olivia Oranr,20,272-47-1135,Musician,85554.03,7185.5025,4,2,3,-100,,7,7,12.43,3.0,Good,1095.73,30.4536649314624,20 Years and 5 Months,No,0.0,206.31338055888486,High_spent_Small_value_payments,772.2368694411152,Good
0x181d,CUS_0xaedb,December,Olivia Oranr,20,272-47-1135,Musician,85554.03,7185.5025,4,2,3,0,,9,7,6.43,3.0,Good,1095.73,23.541373517099988,20 Years and 6 Months,No,0.0,__10000__,Low_spent_Small_value_payments,100.66867759044248,Good
0x1826,CUS_0x8e9b,September,Rachelle Younglaic,16,925-51-5335,Entrepreneur,55829.79,4369.4825,10,10,18,8,"Student Loan, Home Equity Loan, Payday Loan, Debt Consolidation Loan, Not Specified, Not Specified, Personal Loan, and Payday Loan",30,21,27.99,11.0,Bad,3422.49,36.47040878115544,11 Years and 1 Months,Yes,314.90178526768176,349.47676962445365,Low_spent_Small_value_payments,62.56969510786456,Standard
0x1827,CUS_0x8e9b,October,Rachelle Younglaic,16,925-51-5335,Entrepreneur,55829.79,4369.4825,10,914,18,8,"Student Loan, Home Equity Loan, Payday Loan, Debt Consolidation Loan, Not Specified, Not Specified, Personal Loan, and Payday Loan",30,18,27.99,11.0,Bad,3422.49,37.749720192245775,11 Years and 2 Months,Yes,314.90178526768176,79.93896964172495,!@9#%8,302.1074950905933,Standard
0x1828,CUS_0x8e9b,November,Rachelle Younglaic,16,925-51-5335,Entrepreneur,55829.79,4369.4825,10,10,18,8,"Student Loan, Home Equity Loan, Payday Loan, Debt Consolidation Loan, Not Specified, Not Specified, Personal Loan, and Payday Loan",30,16,27.99,11.0,Bad,3422.49,25.42853525508577,11 Years and 3 Months,Yes,314.90178526768176,374.60610659022217,Low_spent_Medium_value_payments,27.440358142096105,Standard
0x1829,CUS_0x8e9b,December,Rachelle Younglaic,16,925-51-5335,Entrepreneur,55829.79,4369.4825,10,10,4224,8,"Student Loan, Home Equity Loan, Payday Loan, Debt Consolidation Loan, Not Specified, Not Specified, Personal Loan, and Payday Loan",34,20,27.99,15.0,Bad,3422.49,26.42666790426557,11 Years and 4 Months,Yes,314.90178526768176,137.49104896203892,High_spent_Medium_value_payments,234.55541577027927,Good
0x1832,CUS_0x609d,September,Shupingu,27,#F%$D@*&8,Architect,14165.23,1057.4358333333332,7,10,33,9,"Credit-Builder Loan, Personal Loan, Credit-Builder Loan, Mortgage Loan, Personal Loan, Payday Loan, Payday Loan, Payday Loan, and Student Loan",54,24,8.82,11.0,Bad,2797.17,37.84559431933441,14 Years and 7 Months,Yes,58.86844083860843,124.5051788964826,Low_spent_Small_value_payments,212.3699635982423,Poor
0x1833,CUS_0x609d,October,Shupingu,27,911-47-6879,Architect,14165.23,,7,10,33,9,"Credit-Builder Loan, Personal Loan, Credit-Builder Loan, Mortgage Loan, Personal Loan, Payday Loan, Payday Loan, Payday Loan, and Student Loan",59,27,8.82,12.0,Bad,2797.17,32.39193289599275,14 Years and 8 Months,Yes,58.86844083860843,53.59293401625869,Low_spent_Large_value_payments,263.2822084784662,Standard
0x1834,CUS_0x609d,November,Shupingu,27,911-47-6879,Architect,14165.23,1057.4358333333332,7,10,33,9,"Credit-Builder Loan, Personal Loan, Credit-Builder Loan, Mortgage Loan, Personal Loan, Payday Loan, Payday Loan, Payday Loan, and Student Loan",59,21,11.82,12.0,Bad,2797.17,31.29995338554643,14 Years and 9 Months,NM,58.86844083860843,83.52892532375137,Low_spent_Medium_value_payments,243.34621717097357,Standard
0x1835,CUS_0x609d,December,Shupingu,28,911-47-6879,Architect,14165.23_,1057.4358333333332,7,10,33,9,"Credit-Builder Loan, Personal Loan, Credit-Builder Loan, Mortgage Loan, Personal Loan, Payday Loan, Payday Loan, Payday Loan, and Student Loan",59,,8.82,12.0,Bad,2797.17,35.456805235533096,14 Years and 10 Months,Yes,58.86844083860843,60.48352854619142,Low_spent_Large_value_payments,256.3916139485335,Standard
0x183e,CUS_0x75c6,September,"""John ODonnell""p",30,587-65-8904,Teacher,87215.68,7489.973333333332,2,6,8,2,"Auto Loan, and Payday Loan",0,5,10.98,0.0,Good,680.77,32.853999680614216,21 Years and 4 Months,NM,121.68201673654264,85.0897706786984,High_spent_Medium_value_payments,792.2255459180922,Good
0x183f,CUS_0x75c6,October,"""John ODonnell""p",30,587-65-8904,Teacher,87215.68,7489.973333333332,2,6,8,2,"Auto Loan, and Payday Loan",2,,_,0.0,_,680.77,28.21804729180263,21 Years and 5 Months,No,121.68201673654264,183.96523494175662,High_spent_Large_value_payments,683.3500816550338,Good
0x1840,CUS_0x75c6,November,"""John ODonnell""p",31,587-65-8904,Teacher,87215.68,,2,6,8,2_,"Auto Loan, and Payday Loan",2,6,10.98,0.0,Good,680.77,32.38764952831312,21 Years and 6 Months,No,121.68201673654264,197.16439131518337,High_spent_Small_value_payments,690.1509252816072,Good
0x1841,CUS_0x75c6,December,"""John ODonnell""p",31,587-65-8904,Teacher,87215.68,7489.973333333332,2,6,8,2,"Auto Loan, and Payday Loan",2,6,10.98,0.0,Good,680.77,26.45454790745145,21 Years and 7 Months,No,121.68201673654264,579.8625969032331,Low_spent_Large_value_payments,317.4527196935575,Good
0x184a,CUS_0x9b3c,September,Scheydere,43,224-48-7837,Lawyer,81842.28,6810.19,10,9,25,9,"Student Loan, Auto Loan, Personal Loan, Auto Loan, Credit-Builder Loan, Payday Loan, Home Equity Loan, Auto Loan, and Personal Loan",20,19,16.25,11.0,Bad,3053.16,25.35635928552024,1 Years and 0 Months,Yes,574.0657978713467,,High_spent_Large_value_payments,253.63568255067503,Poor
0x184b,CUS_0x9b3c,October,Scheydere,43,224-48-7837,Lawyer,81842.28,6810.19,10,9,25,9,"Student Loan, Auto Loan, Personal Loan, Auto Loan, Credit-Builder Loan, Payday Loan, Home Equity Loan, Auto Loan, and Personal Loan",20,19,16.25,11.0,Bad,3053.16,34.64095601413508,1 Years and 1 Months,Yes,574.0657978713467,55.371438115591175,High_spent_Large_value_payments,291.581764013062,Poor
0x184c,CUS_0x9b3c,November,Scheydere,43,#F%$D@*&8,Lawyer,81842.28,6810.19,10,9,25,9,"Student Loan, Auto Loan, Personal Loan, Auto Loan, Credit-Builder Loan, Payday Loan, Home Equity Loan, Auto Loan, and Personal Loan",20,19,16.25,11.0,Bad,3053.16_,23.30206030990575,1 Years and 2 Months,NM,574.0657978713467,286.78293748662134,High_spent_Medium_value_payments,70.17026464203178,Poor
0x184d,CUS_0x9b3c,December,Scheydere,44,224-48-7837,Lawyer,81842.28,,10,9,25,9,"Student Loan, Auto Loan, Personal Loan, Auto Loan, Credit-Builder Loan, Payday Loan, Home Equity Loan, Auto Loan, and Personal Loan",24,19,15.25,11.0,_,3053.16,24.38899990595345,1 Years and 3 Months,NM,574.0657978713467,556.7759136580313,Low_spent_Large_value_payments,,Poor
0x1856,CUS_0x22a3,September,Nate Raymondj,38,#F%$D@*&8,Doctor,95956.5,8279.375,8,4,11,2,"Personal Loan, and Student Loan",24,10,11.94,2.0,Standard,1079.73,28.70248625360616,,No,95.5216287821567,202.57170087168254,High_spent_Large_value_payments,769.8441703461607,Standard
0x1857,CUS_0x22a3,October,Nate Raymondj,39,477-90-5881,Doctor,95956.5,8279.375,8,4,11,2,"Personal Loan, and Student Loan",23,,11.94,7.0,Standard,1079.73,31.37134357228205,32 Years and 4 Months,No,95.5216287821567,757.6442086801815,Low_spent_Small_value_payments,264.771662537662,Standard
0x1858,CUS_0x22a3,November,Nate Raymondj,39,477-90-5881,Doctor,95956.5,8279.375,8,4,11,2,"Personal Loan, and Student Loan",28,10,12.94,7.0,Standard,1079.73,41.72201510339915,32 Years and 5 Months,No,95.5216287821567,206.3335930448604,High_spent_Large_value_payments,766.0822781729829,Standard
0x1859,CUS_0x22a3,December,Nate Raymondj,39,477-90-5881,Doctor,95956.5,8279.375,8,4,11,2,"Personal Loan, and Student Loan",23,10,7.939999999999999,7.0,Standard,1079.73,28.91782480697284,32 Years and 6 Months,No,95.5216287821567,437.49003829964835,Low_spent_Medium_value_payments,574.9258329181949,Standard
